character,perplexity
D,0.0
o,1.399999976158142
 ,2.9000000953674316
y,2.25
o,2.25
u,2.25
 ,1.059999942779541
u,4.300000190734863
n,4.300000190734863
d,4.300000190734863
e,4.300000190734863
r,4.300000190734863
s,0.699999988079071
t,0.699999988079071
a,0.01899999938905239
n,0.01899999938905239
d,0.01899999938905239
?,3.7300000190734863
